,Company,Role,Location,Duration,Stipend,Apply Link
0,W3Dev,Android App Development,Noida,6 Months,"₹ 5,000-7,000 /month",https://internshala.com/internship/detail/android-app-development-internship-in-noida-at-w3dev1712164474
1,W3Dev,Software Testing & Quality Assurance,Noida,6 Months,"₹ 2,500-5,000 /month",https://internshala.com/internship/detail/software-testing-quality-assurance-internship-in-noida-at-w3dev1712164291
2,W3Dev,iOS App Development,Noida,6 Months,"₹ 11,000-13,000 /month",https://internshala.com/internship/detail/ios-app-development-internship-in-noida-at-w3dev1712164459
3,W3Dev,JavaScript Development,Noida,6 Months,"₹ 10,000-12,000 /month",https://internshala.com/internship/details/javascript-development-internship-in-noida-at-w3dev1712164372
4,WiJungle - by HttpCart,Product Management,Gurgaon,4 Months,"₹ 40,000 /month",https://internshala.com/internship/details/product-management-internship-in-gurgaon-at-wijungle-by-httpcart1712141403
5,Varahi Technology Private Limited,Automation Testing,Pune,3 Months,"₹ 7,000 /month",https://internshala.com/internship/detail/automation-testing-internship-in-pune-at-varahi-technology-private-limited1712144734
6,FynTune Solution Private Limited,PHP Development,"Navi Mumbai, Thane",6 Months,"₹ 12,000-18,000 /month",https://internshala.com/internship/details/php-development-internship-in-multiple-locations-at-fyntune-solution-private-limited1712125475
7,Psymate,React Native Developement,Noida,3 Months,"₹ 5,000 /month +  Incentives",https://internshala.com/internship/detail/react-native-developement-internship-in-noida-at-psymate1711627176
8,Assocom Foods Private Limited,"Research & Development, New Product Development - Bread Improvers & Cake Mixes",Greater Noida,2 Months,"₹ 7,000-12,000 /month",https://internshala.com/internship/detail/research-development-new-product-development-bread-improvers-cake-mixes-internship-in-greater-noida-at-assocom-foods-private-limited1712035459
9,Dwebbox,React Native Development,"Bhopal, Mumbai",6 Months,"₹ 15,000 /month",https://internshala.com/internship/details/react-native-development-internship-in-multiple-locations-at-dwebbox1712118397
10,Future Skills,Product Management,Work from home,6 Months,"₹ 2,000 /month",https://internshala.com/internship/details/work-from-home-part-time-product-management-internship-at-future-skills1712109851
11,Future Skills,Growth Product Management,Work from home,3 Months,"₹ 2,000 /month",https://internshala.com/internship/details/work-from-home-part-time-growth-product-management-internship-at-future-skills1712119263
12,Clanstech,Asp.net Development,Noida,3 Months,"₹ 5,000 /month",https://internshala.com/internship/detail/aspnet-development-internship-in-noida-at-clanstech1712041248
13,Contagious V,Angular Development,Agra,6 Months,"₹ 5,000-7,000 /month",https://internshala.com/internship/detail/angular-development-internship-in-agra-at-contagious-v1712038858
14,Material Intelligence Lab,Product Assembly Engineer,Vadodara,6 Months,"₹ 10,000 /month",https://internshala.com/internship/detail/product-assembly-engineer-internship-in-vadodara-at-material-intelligence-lab1711776552
15,ZustPe Payments Private Limited,Flutter Development,Chennai,3 Months,"₹ 2,000 /month",https://internshala.com/internship/detail/flutter-development-internship-in-chennai-at-zustpe-payments-private-limited1712040546
16,Fond Solutions Private Limited,Brand & Market Analyst,Bangalore,6 Months,"₹ 10,000 /month",https://internshala.com/internship/detail/brand-market-analyst-internship-in-bangalore-at-fond-solutions-private-limited1712049941
17,DeepThought Edutech Ventures Private Limited,AI Psychology,Work from home,6 Months,"₹ 2,000 /month",https://internshala.com/internship/details/work-from-home-part-time-ai-psychology-internship-at-deepthought-edutech-ventures-private-limited1712108859
18,Contagious V,Asp.net Development,Agra,6 Months,"₹ 5,000-8,000 /month",https://internshala.com/internship/detail/aspnet-development-internship-in-agra-at-contagious-v1711971200
19,FynTune Solution Private Limited,Product Management,"Turbhe, Thane, Navi Mumbai",6 Months,"₹ 12,000-18,000 /month",https://internshala.com/internship/detail/product-management-internship-in-multiple-locations-at-fyntune-solution-private-limited1711608431
20,FynTune Solution Private Limited,Quality Analyst,"Thane, Navi Mumbai, Turbhe",6 Months,"₹ 8,000 /month",https://internshala.com/internship/detail/quality-analyst-internship-in-multiple-locations-at-fyntune-solution-private-limited1711430270
21,Boot And Boost Entrepreneur LLP,Android App Development,Varanasi,2 Months,"₹ 2,000 /month +  Incentives",https://internshala.com/internship/detail/android-app-development-internship-in-varanasi-at-boot-and-boost-entrepreneur-llp1711790910
22,TribeTorch,Android App Development,Mumbai,2 Months,"₹ 5,000 /month",https://internshala.com/internship/detail/android-app-development-internship-in-mumbai-at-tribetorch1711621920
23,Hex Wireless Private Limited,Asp.net Development,Work from home,3 Months,"₹ 12,000 /month",https://internshala.com/internship/details/work-from-home-aspnet-development-internship-at-hex-wireless-private-limited1712117713
24,Future Skills,Prompt Engineering,Work from home,6 Months,"₹ 2,000 /month",https://internshala.com/internship/details/work-from-home-part-time-prompt-engineering-internship-at-future-skills1712119182
25,Mudraksh And McShaw Advisory,Quant Developer,Noida,6 Months,"₹ 10,000 /month",https://internshala.com/internship/detail/quant-developer-internship-in-noida-at-mudraksh-and-mcshaw-advisory1711993017
26,Shaurya Infosoft Private Limited,Blockchain & Digital Investing Journalism,Noida,6 Months,"₹ 15,000-25,000 /month",https://internshala.com/internship/detail/blockchain-digital-investing-journalism-internship-in-noida-at-shaurya-infosoft-private-limited1711880882
27,Relinns Technologies,Product Management,Mohali,6 Months,"₹ 8,000 /month",https://internshala.com/internship/detail/product-management-internship-in-mohali-at-relinns-technologies1711255689
28,IProall,Web Development,Work from home,2 Months,"₹ 4,000 /month +  Incentives",https://internshala.com/internship/details/work-from-home-part-time-web-development-internship-at-iproall1712163434
29,SN Silos,Full Stack Development,Work from home,6 Months,"₹ 7,500-10,000 /month",https://internshala.com/internship/details/work-from-home-full-stack-development-internship-at-sn-silos1712162718
30,Liberin Technologies Private Limited,Quality Analyst,Noida,2 Months,"₹ 2,000 /month",https://internshala.com/internship/detail/quality-analyst-internship-in-noida-at-liberin-technologies-private-limited1712159825
31,Viacom India LLP,Web Development,Gurgaon,3 Months,"₹ 3,000-5,000 /month",https://internshala.com/internship/details/web-development-internship-in-gurgaon-at-viacom-india-llp1712159733
32,Hoomly Internet Innovation Private Limited,WordPress Development,Work from home,1 Month,"₹ 1,500 /month",https://internshala.com/internship/details/work-from-home-wordpress-development-internship-at-hoomly-internet-innovation-private-limited1712157511
33,Fleksa,Flutter Development,Work from home,6 Months,"₹ 5,000 /month",https://internshala.com/internship/details/work-from-home-flutter-development-internship-at-fleksa1712153594
34,Pragament Tech Solutions Private Limited,Flutter Development,Hyderabad,6 Months,"₹ 10,000 /month +  Incentives",https://internshala.com/internship/details/part-time-flutter-development-internship-in-hyderabad-at-pragament-tech-solutions-private-limited1712152241
35,EVision IT Solution Private Limited,Network Engineering,"Vadodara, Ahmedabad, Gandhinagar, Anand",6 Months,"₹ 5,000-10,000 /month",https://internshala.com/internship/detail/network-engineering-internship-in-multiple-locations-at-evision-it-solution-private-limited1712145792
36,MagnusMinds IT Solution LLP,Software Development,Ahmedabad,6 Months,"₹ 8,000 /month",https://internshala.com/internship/details/software-development-internship-in-ahmedabad-at-magnusminds-it-solution-llp1712144612
37,Divyansh Jain,Backend Development,Work from home,1 Month,"₹ 9,000 /month",https://internshala.com/internship/details/work-from-home-part-time-backend-development-internship-at-divyansh-jain1712150635
38,Smaclify Technologies,AI/ML Developer,Pune,2 Months,"₹ 15,000 /month",https://internshala.com/internship/details/ai-ml-developer-internship-in-pune-at-smaclify-technologies1712149764
39,USthaan Integrated Solutions Private Limited,Software Development,Work from home,6 Months,"₹ 8,000-12,000 /month",https://internshala.com/internship/details/work-from-home-software-development-internship-at-usthaan-integrated-solutions-private-limited1712142287
40,Insu Creation,PHP Development,Work from home,1 Month,"₹ 2,500 /month",https://internshala.com/internship/details/work-from-home-php-development-internship-at-insu-creation1712149239
41,Koverify,Web Development,"Mumbai, Boriwali",4 Months,"₹ 7,000 /month",https://internshala.com/internship/details/web-development-internship-in-multiple-locations-at-koverify1712141984
42,Itegoss,Web Development,Mira Bhayandar,3 Months,"₹ 2,000 /month +  Incentives",https://internshala.com/internship/details/web-development-internship-in-mira-bhayandar-at-itegoss1712149022
43,Absolute Testing Services,Web Development,Faridabad,3 Months,"₹ 9,000 /month",https://internshala.com/internship/details/web-development-internship-in-faridabad-at-absolute-testing-services1712141684
44,Fact Wise Tech,Technical Product Manager,"Mumbai, Dombivli, Navi Mumbai, Thane, Palghar",6 Months,"₹ 12,000-15,000 /month",https://internshala.com/internship/details/technical-product-manager-internship-in-multiple-locations-at-fact-wise-tech1712146917
45,UniQual ITech,iOS App Development,Surat,6 Months,"₹ 8,000 /month",https://internshala.com/internship/detail/ios-app-development-internship-in-surat-at-uniqual-itech1712146644
46,Craft,PHP Development,Work from home,4 Months,"₹ 6,000-9,000 /month",https://internshala.com/internship/details/work-from-home-php-development-internship-at-craft1712146540
47,OyeLabs,Software Testing,Work from home,6 Months,"₹ 5,000-10,000 /month",https://internshala.com/internship/detail/work-from-home-software-testing-internship-at-oyelabs1712146504
48,OyeLabs,Web Development,Work from home,6 Months,"₹ 5,000-10,000 /month",https://internshala.com/internship/details/work-from-home-web-development-internship-at-oyelabs1712146059
49,OyeLabs,PHP Development,Work from home,6 Months,"₹ 5,000-10,000 /month",https://internshala.com/internship/details/work-from-home-php-development-internship-at-oyelabs1712146046
50,Dalalee,Web Development,Mumbai,3 Months,"₹ 10,000 /month",https://internshala.com/internship/details/web-development-internship-in-mumbai-at-dalalee1712138113
51,Logicspice Consultancy Private Limited,PHP Development,Jaipur,6 Months,"₹ 8,000-25,000 /month",https://internshala.com/internship/details/php-development-internship-in-jaipur-at-logicspice-consultancy-private-limited1712137507
52,Jivichem Synthesis Private Limited,Web Development,Work from home,2 Months,"₹ 8,000 /month",https://internshala.com/internship/details/work-from-home-part-time-web-development-internship-at-jivichem-synthesis-private-limited1712143542
53,Jivichem Synthesis Private Limited,Machine Learning,Work from home,1 Month,"₹ 22,000 /month",https://internshala.com/internship/details/work-from-home-part-time-machine-learning-internship-at-jivichem-synthesis-private-limited1712143447
54,Planys Technologies Private Limited,Full Stack Development,Chennai,6 Months,"₹ 15,000 /month",https://internshala.com/internship/details/full-stack-development-internship-in-chennai-at-planys-technologies-private-limited1712142620
55,TM Media - Titan Biotech Limited,Information Technology,Delhi,3 Months,"₹ 12,000 /month",https://internshala.com/internship/details/information-technology-internship-in-delhi-at-tm-media-titan-biotech-limited1712139534
56,LineupX,React Native,Mumbai,6 Months,"₹ 10,000 /month",https://internshala.com/internship/details/react-native-internship-in-mumbai-at-lineupx1712139276
57,UpMan Placements,QA Testing,Kochi,3 Months,"₹ 12,000-15,000 /month",https://internshala.com/internship/detail/qa-testing-internship-in-kochi-at-upman-placements1712139228
58,FileSure India Private Limited,WordPress Development,Work from home,6 Months,"₹ 5,000 /month",https://internshala.com/internship/details/work-from-home-wordpress-development-internship-at-filesure-india-private-limited1712137483
59,Wobot Intelligence Private Limited,Front End Development,Work from home,6 Months,"₹ 10,000 /month",https://internshala.com/internship/details/work-from-home-front-end-development-internship-at-wobot-intelligence-private-limited1712137352
60,Quants Jugglers,Python Development,Delhi,4 Months,"₹ 5,000-15,000 /month",https://internshala.com/internship/details/python-development-internship-in-delhi-at-quants-jugglers1712129927
61,Achaar Gali,Elementor & WordPress Specialist,Work from home,1 Month,"₹ 1,500 /month",https://internshala.com/internship/details/work-from-home-elementor-wordpress-specialist-internship-at-achaar-gali1712136568
62,MXPERTZ,Mobile App Development,Indore,2 Months,"₹ 2,000-10,000 /month",https://internshala.com/internship/detail/mobile-app-development-internship-in-indore-at-mxpertz1712136457
63,WebShark Web Services,Web Development,Bangalore,6 Months,"₹ 20,000-25,000 /month",https://internshala.com/internship/details/web-development-internship-in-bangalore-at-webshark-web-services1712128538
64,AI Lab Solutions,Information Technology,Work from home,6 Months,"₹ 5,500 /month",https://internshala.com/internship/details/work-from-home-information-technology-internship-at-ai-lab-solutions1712135564
65,"Machine Intelligence And Robotics Center, IIIT-Bangalore",LabVIEW Programming,Bangalore,6 Months,"₹ 40,000 /month",https://internshala.com/internship/details/labview-programming-internship-in-bangalore-at-machine-intelligence-and-robotics-center-iiit-bangalore1712135581
66,Pehchaan AI Technologies,Mobile App Development,Gurgaon,6 Months,"₹ 10,000-25,000 /month",https://internshala.com/internship/detail/mobile-app-development-internship-in-gurgaon-at-pehchaan-ai-technologies1712133990
67,Fafadia Tech,Python Development,Mumbai,3 Months,"₹ 15,000 /month",https://internshala.com/internship/details/python-development-internship-in-mumbai-at-fafadia-tech1712133677
68,Bynry Services Private Limited,Front End Development,Pune,6 Months,"₹ 10,000 /month",https://internshala.com/internship/details/front-end-development-internship-in-pune-at-bynry-services-private-limited1712133097
69,AI Lab Solutions,Artificial Intelligence (AI),Work from home,6 Months,"₹ 5,500 /month",https://internshala.com/internship/details/work-from-home-artificial-intelligence-ai-internship-at-ai-lab-solutions1712131712
70,Attributions,Backend Development,Work from home,6 Months,"₹ 8,000 /month",https://internshala.com/internship/details/work-from-home-part-time-backend-development-internship-at-attributions1712131723
71,Meru Accounting,Reactjs Development,Ahmedabad,2 Months,"₹ 5,000-12,000 /month",https://internshala.com/internship/details/part-time-reactjs-development-internship-in-ahmedabad-at-meru-accounting1712131280
72,Stirring Minds,Full Stack Development,Delhi,6 Months,"₹ 7,000 /month",https://internshala.com/internship/details/full-stack-development-internship-in-delhi-at-stirring-minds1712130931
73,OxYmora Technology Private Limited,Mobile App Development,Jaipur,3 Months,"₹ 2,000 /month +  Incentives",https://internshala.com/internship/detail/mobile-app-development-internship-in-jaipur-at-oxymora-technology-private-limited1712130700
74,Transition Computing India,Node.js Development,Work from home,4 Months,"₹ 5,000 /month",https://internshala.com/internship/details/work-from-home-nodejs-development-internship-at-transition-computing-india1712130474
75,Watrana Traction Private Limited,Web Development,Delhi,6 Months,"₹ 8,000 /month",https://internshala.com/internship/details/web-development-internship-in-delhi-at-watrana-traction-private-limited1712123166
76,Quirky Connections Private Limited,Flutter Development,Work from home,1 Month,"₹ 20,000 /month",https://internshala.com/internship/details/work-from-home-part-time-flutter-development-internship-at-quirky-connections-private-limited1712130362
77,Volody Products Private Limited,PHP Development,Mumbai,3 Months,"₹ 5,000-15,000 /month",https://internshala.com/internship/details/php-development-internship-in-mumbai-at-volody-products-private-limited1712123111
78,Truecode Solutions,Flutter Development,Work from home,2 Months,"₹ 2,000-6,000 /month",https://internshala.com/internship/details/work-from-home-part-time-flutter-development-internship-at-truecode-solutions1712122535
79,Mile9 Solutions,Flutter Development,Work from home,6 Months,"₹ 8,000 /month",https://internshala.com/internship/details/work-from-home-flutter-development-internship-at-mile9-solutions1712129603
80,IndiaLends,DevOps,Gurgaon,3 Months,"₹ 20,000 /month",https://internshala.com/internship/details/devops-internship-in-gurgaon-at-indialends1712129507
81,GoDropdown,NEXT.Js Developer,"Bangalore, Noida",6 Months,"₹ 30,000 /month",https://internshala.com/internship/detail/nextjs-developer-internship-in-multiple-locations-at-godropdown1712128798
82,Binks,Backend Development,Work from home,3 Months,"₹ 10,000 /month",https://internshala.com/internship/details/work-from-home-backend-development-internship-at-binks1712127389
83,YMGrad,Reactjs Development,Delhi,4 Months,"₹ 6,500 /month",https://internshala.com/internship/details/reactjs-development-internship-in-delhi-at-ymgrad1712119213
84,Alpha Creative Contests,"Python -Django, Pytorch, Tensorflow Trainer",Work from home,1 Month,"₹ 1,500 /month",https://internshala.com/internship/details/work-from-home-part-time-python-django-pytorch-tensorflow-trainer-internship-at-alpha-creative-contests1712125928
85,Karv Forever By DP Brandmark House,Shopify Development,Work from home,2 Months,"₹ 10,000 /month",https://internshala.com/internship/details/work-from-home-shopify-development-internship-at-karv-forever-by-dp-brandmark-house1712125113
86,Ogmen Robotics,Robotics Software Engineer,Delhi,6 Months,"₹ 10,000 /month",https://internshala.com/internship/details/robotics-software-engineer-internship-in-delhi-at-ogmen-robotics1712123807
87,Second Brain,Flutter Development,Work from home,2 Months,"₹ 1,500 /month +  Incentives",https://internshala.com/internship/details/work-from-home-part-time-flutter-development-internship-at-second-brain1712123460
88,"Behnam Kamrani (San Francisco, United States)",Mobile App Development,Work from home,4 Months,$ 200 /month,https://internshala.com/internship/detail/work-from-home-mobile-app-development-internship-at-behnam-kamrani1712122602
89,Maavils,Flutter Development,Work from home,4 Months,"₹ 4,000-6,000 /month",https://internshala.com/internship/details/work-from-home-flutter-development-internship-at-maavils1712122608
90,RYMO Technologies Private Limited,Unity App Development,Navi Mumbai,6 Months,"₹ 15,000 /month",https://internshala.com/internship/details/unity-app-development-internship-in-navi-mumbai-at-rymo-technologies-private-limited1712121055
91,IQ TechMax Private Limited,Software Development,"Chennai, Bangalore",6 Months,"₹ 5,000 /month",https://internshala.com/internship/details/software-development-internship-in-multiple-locations-at-iq-techmax-private-limited1712120638
92,IGNICULT GAMELABS LLP,Artificial Intelligence (AI),Work from home,3 Months,"₹ 25,000 /month",https://internshala.com/internship/details/work-from-home-part-time-artificial-intelligence-ai-internship-at-ignicult-gamelabs-llp1712120213
93,Primary Keys Technologies Private Limited,PHP Development,Work from home,6 Months,"₹ 2,000 /month +  Incentives",https://internshala.com/internship/details/work-from-home-php-development-internship-at-primary-keys-technologies-private-limited1712119975
94,BASIC,Artificial Intelligence (AI),Work from home,3 Months,"₹ 20,000 /month",https://internshala.com/internship/details/work-from-home-artificial-intelligence-ai-internship-at-basic1712118921
95,Ankur Aditya,Flutter Development,Work from home,3 Months,"₹ 5,000 /month",https://internshala.com/internship/details/work-from-home-flutter-development-internship-at-ankur-aditya1712118663
96,Jalan Technology Consulting,Software Development Engineering (Web),Work from home,6 Months,"₹ 10,000-12,000 /month",https://internshala.com/internship/details/work-from-home-software-development-engineering-web-internship-at-jalan-technology-consulting1712116291
97,Earth5R,Artificial Intelligence And Machine Learning - Content Writing Volunteer,Work from home,1 Month,Unpaid,https://internshala.com/internship/details/work-from-home-part-time-artificial-intelligence-and-machine-learning-content-writing-volunteer-internship-at-earth5r1712115964
98,AI Lab Solutions,Product Management,Work from home,6 Months,"₹ 6,500 /month",https://internshala.com/internship/details/work-from-home-product-management-internship-at-ai-lab-solutions1712114978
99,Xeta Analytics Private Limited,Android App Development,Work from home,2 Months,"₹ 8,000 /month",https://internshala.com/internship/detail/work-from-home-android-app-development-internship-at-xeta-analytics-private-limited1712107421
100,Future Skills,AI Science,Work from home,6 Months,"₹ 2,000 /month",https://internshala.com/internship/details/work-from-home-part-time-ai-science-internship-at-future-skills1712109749
101,DueToHQ,Quality Analyst,Work from home,6 Months,"₹ 5,500 /month",https://internshala.com/internship/detail/work-from-home-quality-analyst-internship-at-duetohq1712108978
102,Novus Logic,Web Development,"Pune, Mumbai",6 Months,"₹ 9,000 /month",https://internshala.com/internship/details/web-development-internship-in-multiple-locations-at-novus-logic1712085852
103,Ankur Aditya,PHP Development,Work from home,6 Months,"₹ 10,000 /month",https://internshala.com/internship/details/work-from-home-php-development-internship-at-ankur-aditya1712083159
104,Xneuronz AI,WordPress Development,Bangalore,6 Months,"₹ 5,000 /month",https://internshala.com/internship/details/wordpress-development-internship-in-bangalore-at-xneuronz-ai1712061727
105,DueToHQ,Artificial Intelligence (AI),Work from home,6 Months,"₹ 5,500 /month",https://internshala.com/internship/details/work-from-home-artificial-intelligence-ai-internship-at-duetohq1712068610
106,Techdome Solutions Private Limited,Artificial Intelligence (AI),Indore,3 Months,"₹ 6,000-12,000 /month",https://internshala.com/internship/details/artificial-intelligence-ai-internship-in-indore-at-techdome-solutions-private-limited1712065567
107,Himalaya Labs,Artificial Intelligence (AI),Work from home,3 Months,"₹ 8,000 /month",https://internshala.com/internship/details/work-from-home-part-time-artificial-intelligence-ai-internship-at-himalaya-labs1712062847
108,EFeedor,Software Testing,Bangalore,4 Months,"₹ 4,000 /month",https://internshala.com/internship/detail/part-time-software-testing-internship-in-bangalore-at-efeedor1712058147
109,Lofaz,Angular.js Development,Mumbai,4 Months,"₹ 6,000-8,000 /month",https://internshala.com/internship/details/angularjs-development-internship-in-mumbai-at-lofaz1712057976
110,Sole Weavers,Web Development,Thane,2 Months,"₹ 10,000 /month",https://internshala.com/internship/details/web-development-internship-in-thane-at-sole-weavers1712057919
111,InnoBrain Technologies,Front End Development,"Bakrol, Vallabh Vidhyanagar, Anand",6 Weeks,"₹ 2,000 /month",https://internshala.com/internship/detail/front-end-development-internship-in-multiple-locations-at-innobrain-technologies1712050530
112,Calyco Products Private Limited,React Native App Developer,Work from home,6 Months,"₹ 12,000-18,000 /month",https://internshala.com/internship/details/work-from-home-react-native-app-developer-internship-at-calyco-products-private-limited1712057538
113,MentorBoxx,Game Development,Work from home,1 Month,"₹ 18,000 /month",https://internshala.com/internship/details/work-from-home-game-development-internship-at-mentorboxx1712057206
114,Abhinav Abhishek,Python Development,Work from home,6 Months,"₹ 8,000 /month",https://internshala.com/internship/details/work-from-home-python-development-internship-at-abhinav-abhishek1712056818
115,Outshade Digital Media,PHP Development,Work from home,3 Months,"₹ 5,000-10,000 /month",https://internshala.com/internship/detail/work-from-home-php-development-internship-at-outshade-digital-media1712049586
116,Digital Ipsum,WordPress Development,Work from home,3 Months,"₹ 4,000 /month",https://internshala.com/internship/detail/work-from-home-wordpress-development-internship-at-digital-ipsum1712055876
117,Hvantage Technologies Incorporated,PHP Development,Work from home,6 Months,"₹ 2,000-3,000 /month",https://internshala.com/internship/detail/work-from-home-php-development-internship-at-hvantage-technologies-incorporated1712047895
118,Quicksort Technologies LLP,Ruby On Rails Development,Delhi,6 Months,"₹ 5,000-10,000 /month",https://internshala.com/internship/detail/ruby-on-rails-development-internship-in-delhi-at-quicksort-technologies-llp1712054524
119,Cryptographic Solutions,Flutter Development,Work from home,2 Months,"₹ 3,000 /month",https://internshala.com/internship/detail/work-from-home-flutter-development-internship-at-cryptographic-solutions1712054146
120,Nference Labs,Automation Testing,Coimbatore,6 Months,"₹ 25,000 /month",https://internshala.com/internship/detail/automation-testing-internship-in-coimbatore-at-nference-labs1712053789
121,Cryptographic Solutions,Android App Development,Work from home,2 Months,"₹ 3,000 /month",https://internshala.com/internship/detail/work-from-home-android-app-development-internship-at-cryptographic-solutions1712053630
122,Cryptographic Solutions,Web Development,Work from home,2 Months,"₹ 3,000 /month",https://internshala.com/internship/detail/work-from-home-web-development-internship-at-cryptographic-solutions1712053490
123,WiJungle - by HttpCart,Backend Development,Gurgaon,6 Months,"₹ 35,000-40,000 /month",https://internshala.com/internship/detail/backend-development-internship-in-gurgaon-at-wijungle-by-httpcart1712052463
124,E-Cube Energy Infra Services Private Limited,Python/Web Developer,Kolkata,1 Month,"₹ 7,500-12,500 /month",https://internshala.com/internship/detail/part-time-python-web-developer-internship-in-kolkata-at-e-cube-energy-infra-services-private-limited1712051109
125,VPatrol,Android App Development,Gurgaon,3 Months,"₹ 7,000-10,000 /month",https://internshala.com/internship/detail/android-app-development-internship-in-gurgaon-at-vpatrol1712050957
126,Paradise Solutions,Website Creation,Work from home,1 Month,"₹ 10,000 /month",https://internshala.com/internship/detail/work-from-home-website-creation-internship-at-paradise-solutions1712050157
127,Elysium Academy,Web Development,Coimbatore,6 Months,"₹ 10,000 /month",https://internshala.com/internship/detail/part-time-web-development-internship-in-coimbatore-at-elysium-academy1712042926
128,The Future University,Software Development,Chandigarh,6 Months,"₹ 20,000 /month",https://internshala.com/internship/detail/software-development-internship-in-chandigarh-at-the-future-university1712049594
129,IMG Global Infotech Private Limited,Quality Analyst,Jaipur,6 Months,"₹ 6,000-8,000 /month",https://internshala.com/internship/detail/quality-analyst-internship-in-jaipur-at-img-global-infotech-private-limited1712041652
130,QUARTERSTACK TECHNOLOGIES PRIVATE LIMITED,Reactjs Development,Work from home,6 Months,"₹ 10,000 /month",https://internshala.com/internship/detail/work-from-home-reactjs-development-internship-at-quarterstack-technologies-private-limited1712048806
131,Bytive Technologies Private Limited,Arduino Programming (IoT),"Bulandshahr, Noida",6 Months,"₹ 7,000-12,000 /month",https://internshala.com/internship/detail/arduino-programming-iot-internship-in-multiple-locations-at-bytive-technologies-private-limited1712048464
132,FinLock Technologies Private Limited,IOS Development,Work from home,1 Month,"₹ 10,000-20,000 /month",https://internshala.com/internship/detail/work-from-home-ios-development-internship-at-finlock-technologies-private-limited1712047721
133,Blaccsckull Platforms Private Limited,Software Development,Pune,6 Months,"₹ 10,000 /month",https://internshala.com/internship/detail/software-development-internship-in-pune-at-blaccsckull-platforms-private-limited1712047461
134,Indus Eximtech Private Limited,WordPress Development,Vashi,1 Month,"₹ 15,000 /month",https://internshala.com/internship/detail/wordpress-development-internship-in-vashi-at-indus-eximtech-private-limited1712038013
135,Myfastx,Devops Engineering,Work from home,4 Months,"₹ 5,000 /month",https://internshala.com/internship/detail/work-from-home-devops-engineering-internship-at-myfastx1712045170
136,Stirring Minds,Front End Development,Delhi,6 Months,"₹ 7,000 /month",https://internshala.com/internship/detail/front-end-development-internship-in-delhi-at-stirring-minds1712045158
137,Itech Innovations,Front End Development,Ahmedabad,3 Months,"₹ 10,000-12,000 /month",https://internshala.com/internship/detail/part-time-front-end-development-internship-in-ahmedabad-at-itech-innovations1712045042
138,Vasitum,Product Management,Noida,3 Months,"₹ 10,000 /month",https://internshala.com/internship/detail/product-management-internship-in-noida-at-vasitum1712043355
139,Pioneer Sam Energia,Mobile App & Web Development,"Pune, Mumbai, Vasai-Virar",6 Months,"₹ 2,500 /month",https://internshala.com/internship/detail/mobile-app-web-development-internship-in-multiple-locations-at-pioneer-sam-energia1712042589
140,ConnectingDots Infotech,Mobile App Development,Pune,3 Months,"₹ 12,000 /month",https://internshala.com/internship/detail/mobile-app-development-internship-in-pune-at-connectingdots-infotech1712035314
141,Aspri Spirits Private Limited,Salesforce,Mumbai,3 Months,"₹ 8,000 /month",https://internshala.com/internship/detail/salesforce-internship-in-mumbai-at-aspri-spirits-private-limited1712042351
142,Tamasha,2d Gaming Animation And Video Editor,Work from home,3 Months,"₹ 10,000 /month",https://internshala.com/internship/detail/work-from-home-2d-gaming-animation-and-video-editor-internship-at-tamasha1712041855
143,Luneblaze,Full Stack Development,Faridabad,6 Months,"₹ 8,000 /month",https://internshala.com/internship/detail/full-stack-development-internship-in-faridabad-at-luneblaze1712041600
144,MPower,Full Stack Development,Work from home,2 Months,"₹ 14,000-18,000 /month",https://internshala.com/internship/detail/work-from-home-full-stack-development-internship-at-mpower1712041418
145,Vishvena Techno Solutions Private Limited,Artificial Intelligence (AI),Work from home,4 Months,"₹ 5,000 /month",https://internshala.com/internship/detail/work-from-home-artificial-intelligence-ai-internship-at-vishvena-techno-solutions-private-limited1712041035
146,BDCC,"Website Planning, Designing, And Visual Layout",Mumbai,3 Months,"₹ 5,000 /month",https://internshala.com/internship/detail/website-planning-designing-and-visual-layout-internship-in-mumbai-at-bdcc1712040337
147,UniAcco,Frontend Developer Intern,Mumbai,3 Months,"₹ 30,000 /month",https://internshala.com/internship/detail/frontend-developer-intern-internship-in-mumbai-at-uniacco1712039161
148,Digital Development Leadership Group,Mobile App Development,Work from home,1 Month,"₹ 2,000 /month +  Incentives",https://internshala.com/internship/detail/work-from-home-mobile-app-development-internship-at-digital-development-leadership-group1712037981
149,Hooman Digital LLP,Backend Development,Work from home,3 Months,"₹ 10,000-12,000 /month",https://internshala.com/internship/detail/work-from-home-backend-development-internship-at-hooman-digital-llp1712037349
150,Hooman Digital LLP,Artificial Intelligence (AI),Work from home,4 Months,"₹ 10,000-12,000 /month",https://internshala.com/internship/detail/work-from-home-artificial-intelligence-ai-internship-at-hooman-digital-llp1712036799
151,Wizda,Full Stack Development,Bangalore,3 Months,"₹ 10,000 /month",https://internshala.com/internship/detail/part-time-full-stack-development-internship-in-bangalore-at-wizda1712036777
152,Hooman Digital LLP,Blockchain Development,Work from home,3 Months,"₹ 10,000-12,000 /month",https://internshala.com/internship/detail/work-from-home-blockchain-development-internship-at-hooman-digital-llp1712036485
153,UniAcco,QA Testing,Mumbai,3 Months,"₹ 15,000 /month",https://internshala.com/internship/detail/qa-testing-internship-in-mumbai-at-uniacco1712036145
154,UniAcco,Backend Development,Mumbai,3 Months,"₹ 30,000 /month",https://internshala.com/internship/detail/backend-development-internship-in-mumbai-at-uniacco1712035862
155,Blackbox Securities Private Limited,Quant Developer,Delhi,2 Months,"₹ 15,000 /month +  Incentives",https://internshala.com/internship/detail/quant-developer-internship-in-delhi-at-blackbox-securities-private-limited1712033511
156,Flair Insights,WordPress Development,Work from home,3 Months,"₹ 2,000-5,000 /month",https://internshala.com/internship/detail/work-from-home-wordpress-development-internship-at-flair-insights1712033516
157,Flair Insights,Software Development,Work from home,6 Months,"₹ 3,000-10,000 /month",https://internshala.com/internship/detail/work-from-home-software-development-internship-at-flair-insights1712033341
158,Flair Insights,PHP Development,Work from home,6 Months,"₹ 2,000-5,000 /month",https://internshala.com/internship/detail/work-from-home-php-development-internship-at-flair-insights1712033148
159,"JMedia Corporation (Dallas, United States)",Artificial Intelligence (AI),Work from home,6 Months,"₹ 2,500 /month",https://internshala.com/internship/detail/work-from-home-part-time-artificial-intelligence-ai-internship-at-jmedia-corporation1712032469
